{
  "model": "iforest_host_behavior_v1",
  "source_profile": "host_behavior",
  "feature_count": 20,
  "training_rows": 715,
  "min": -0.06407323285244249,
  "max": 0.10892140884638746,
  "mean": 0.062381544456119806,
  "std": 0.037141479771540135,
  "q01": -0.06407323285244249,
  "q05": -0.00706507046060989,
  "q10": 0.0,
  "q25": 0.044382919181872205,
  "q50": 0.0665239315731958
}