{
  "min": -0.18727180086600903,
  "max": 0.20648909755696426,
  "mean": 0.09554704460724114,
  "std": 0.07535448807956883,
  "q01": -0.08493847521969693,
  "q05": -0.014128226378008923,
  "q10": -7.697835424647081e-18,
  "q25": 0.04907595804837772,
  "q50": 0.09203447366920103
}