{
  "min": -15.279660567211838,
  "max": 2.1663690929746906,
  "mean": 0.38762339282248276,
  "std": 0.7688739968621409,
  "q01": -0.26510511569751927,
  "q05": -0.00015253764541256487,
  "q10": 2.9816400193283243e-06,
  "q25": 0.060876677240706556,
  "q50": 0.060876677240706556
}