{
  "min": -0.14643153928145414,
  "max": 0.22072956583718356,
  "mean": 0.1267866109866963,
  "std": 0.07202498126910672,
  "q01": -0.044190256321172794,
  "q05": -2.749299540198008e-17,
  "q10": 0.025615729995090875,
  "q25": 0.07341696031603301,
  "q50": 0.12407500468534755
}