{
  "min": -0.20535214965205328,
  "max": 0.2062411344398034,
  "mean": 0.10335564705326201,
  "std": 0.09329972988862716,
  "q01": -0.14780891924591244,
  "q05": -0.09540833702809415,
  "q10": 0.0,
  "q25": 0.049492535144167626,
  "q50": 0.10621631851209878
}